epsilon,QPA_0
0.035897435897435895,0.929609375
