epsilon,QPA_0
0.028205128205128206,0.944521484375
