epsilon,QPA_0
0.08974358974358974,0.827841796875
