epsilon,QPA_nqpa3[-1]
0.0,0.2326696217851702
2.5e-05,0.23178565496554787
5e-05,0.22724548037799647
7.500000000000001e-05,0.22685339261759865
0.0001,0.2235213727049326
0.000125,0.21958553312479007
0.00015000000000000001,0.21818364437988708
0.000175,0.21600618396843288
0.0002,0.21489693007655855
0.00022500000000000002,0.21070743436743902
0.00025,0.20720046346381774
0.000275,0.2048720605970859
0.00030000000000000003,0.20299342108503463
0.00032500000000000004,0.2004235077295775
0.00035,0.199905081390984
0.000375,0.19573540435330733
0.0004,0.19489376018772392
0.00042500000000000003,0.19097123506486452
0.00045000000000000004,0.19014108260811632
0.000475,0.18695468674864454
0.0005,0.18612825068958655
0.0005250000000000001,0.1837422954707741
0.00055,0.18042106531736724
0.000575,0.1781636042922471
0.0006000000000000001,0.1777277976336742
0.000625,0.17531569185512802
0.0006500000000000001,0.17478404692231572
0.000675,0.17056958442965897
0.0007,0.16993392993796708
0.0007250000000000001,0.16774366019835002
0.00075,0.1650547288856799
0.0007750000000000001,0.16433397536313113
0.0008,0.16335686166958552
0.000825,0.16223603290447797
0.0008500000000000001,0.15960512552226308
0.000875,0.15804945774724247
0.0009000000000000001,0.15601776533396874
0.000925,0.1557109497327116
0.00095,0.15309902389010174
0.0009750000000000001,0.15215284700818443
0.001,0.15031614439253232
