epsilon,QPA_1
0.042105263157894736,0.89935546875
