epsilon,QPA_1
0.031578947368421054,0.706318359375
