epsilon,QPA_1
0.02631578947368421,0.9374609375
