epsilon,QPA_1
0.021052631578947368,0.947509765625
