epsilon,QPA_1
0.07368421052631578,0.829462890625
