epsilon,QPA_1
0.08421052631578947,0.807646484375
