epsilon,QPA_nqpa3[-1]
0.0,0.14166105248290395
2.5e-05,0.1407316288672849
5e-05,0.13993887371183483
7.500000000000001e-05,0.13854837596419273
0.0001,0.13695958497544758
0.000125,0.13594176299477304
0.00015000000000000001,0.1335813602534926
0.000175,0.13381621185314005
0.0002,0.13338838205436293
0.00022500000000000002,0.13231469315282837
0.00025,0.12961940787679477
0.000275,0.12956839508687645
0.00030000000000000003,0.12872093718455677
0.00032500000000000004,0.1278718590230385
0.00035,0.12620061770261656
0.000375,0.12562292315407636
0.0004,0.12647567838222842
0.00042500000000000003,0.12369359668460372
0.00045000000000000004,0.12233832623834527
0.000475,0.12202076467550046
0.0005,0.11940850733768169
0.0005250000000000001,0.12100176354210965
0.00055,0.11913152363654538
0.000575,0.1181700417206729
0.0006000000000000001,0.11714443113078625
0.000625,0.1170809203677266
0.0006500000000000001,0.11610842147598435
0.000675,0.11633589953568882
0.0007,0.11507759851161231
0.0007250000000000001,0.11406880506886433
0.00075,0.11253922362765117
0.0007750000000000001,0.11312506116306273
0.0008,0.11167592057562975
0.000825,0.11112314884440598
0.0008500000000000001,0.11048650277281748
0.000875,0.10952692690716459
0.0009000000000000001,0.10889995244689255
0.000925,0.10893890250754429
0.00095,0.10707627963885248
0.0009750000000000001,0.1063383322500083
0.001,0.1072551315980819
