epsilon,QPA_nqpa3[-1]
0.0,0.00013757485230826705
2.5e-05,0.0021105443183673522
5e-05,0.004444096467075567
7.500000000000001e-05,0.006297610801805381
0.0001,0.008091516813136836
0.000125,0.010030580845627246
0.00015000000000000001,0.012008300113661975
0.000175,0.013556383908521798
0.0002,0.014949815054522163
0.00022500000000000002,0.01748961624093843
0.00025,0.018556073166774573
0.000275,0.01999230025012958
0.00030000000000000003,0.021795023488866416
0.00032500000000000004,0.02402766645317103
0.00035,0.02528390981272291
0.000375,0.025929566147789462
0.0004,0.028461036761633737
0.00042500000000000003,0.02899463565396926
0.00045000000000000004,0.030494906485924858
0.000475,0.03120732201875053
0.0005,0.032315456255037706
0.0005250000000000001,0.03305566793291093
0.00055,0.03570058483960947
0.000575,0.03664510270199153
0.0006000000000000001,0.03840111284910411
0.000625,0.03904421075096348
0.0006500000000000001,0.038897123379087475
0.000675,0.040763267818932275
0.0007,0.043335090502555185
0.0007250000000000001,0.04262909240978295
0.00075,0.043376525369701095
0.0007750000000000001,0.04469538283011322
0.0008,0.04549894931884725
0.000825,0.046712889728925566
0.0008500000000000001,0.04758766913646413
0.000875,0.04872271469524028
0.0009000000000000001,0.0498839601978843
0.000925,0.05046042112172838
0.00095,0.05167123257455267
0.0009750000000000001,0.05073904278538188
0.001,0.05134702787577124
