epsilon,QPA_0
0.023076923076923078,0.9545507812499998
