epsilon,QPA_0
0.046153846153846156,0.86736328125
