epsilon,QPA_0
0.09487179487179487,0.74583984375
