epsilon,QPA_0
0.08461538461538462,0.7993359375000002
