epsilon,QPA_0
0.08717948717948718,0.72126953125
