epsilon,QPA_0
0.035897435897435895,0.885546875
