epsilon,QPA_0
0.09743589743589744,0.7786425781249999
