k,V0,Omega_max,Delta_start,T_ramp_up,T_sweep,T_ramp_down,fidelity
4,251327412.28718346,18849555.92153876,-25132741.228718344,1.65e-06,1.7e-06,1.65e-06,0.48503230828866506
