k,V0,Omega_max,Delta_start,T_ramp_up,T_sweep,T_ramp_down,fidelity
4,251327412.28718346,15079644.737231007,-87964594.3005142,2.64e-06,2.7200000000000002e-06,2.64e-06,0.48078559834159895
