k,V0,Omega_max,Delta_start,T_ramp_up,T_sweep,T_ramp_down,fidelity
4,251327412.28718346,8796459.43005142,-150796447.37231007,6.6e-07,6.800000000000001e-07,6.6e-07,0.07703969411751227
