k,V0,Omega_max,Delta_start,T_ramp_up,T_sweep,T_ramp_down,fidelity
4,251327412.28718346,12566370.614359172,-163362817.98666924,1.98e-06,2.04e-06,1.98e-06,0.4223643386226028
