k,V0,Omega_max,Delta_start,T_ramp_up,T_sweep,T_ramp_down,fidelity
4,251327412.28718346,15079644.737231007,-75398223.68615504,1.32e-06,1.3600000000000001e-06,1.32e-06,0.5785120435420776
