k,V0,Omega_max,Delta_start,T_ramp_up,T_sweep,T_ramp_down,fidelity
4,251327412.28718346,7539822.368615503,-125663706.14359173,9.9e-07,1.02e-06,9.9e-07,0.10768736360232775
