k,V0,Omega_max,Delta_start,T_ramp_up,T_sweep,T_ramp_down,fidelity
4,251327412.28718346,11309733.552923255,-62831853.071795866,2.31e-06,2.38e-06,2.31e-06,0.4910915881394858
