k,V0,Omega_max,Delta_start,T_ramp_up,T_sweep,T_ramp_down,fidelity
4,251327412.28718346,10053096.491487337,-113097335.52923255,1.32e-06,1.3600000000000001e-06,1.32e-06,0.33136636115496054
