k,V0,Omega_max,Delta_start,T_ramp_up,T_sweep,T_ramp_down,fidelity
4,251327412.28718346,10053096.491487337,-50265482.45743669,2.31e-06,2.38e-06,2.31e-06,0.48626346610283044
