k,V0,Omega_max,Delta_start,T_ramp_up,T_sweep,T_ramp_down,fidelity
4,251327412.28718346,15079644.737231007,-113097335.52923255,3.3e-07,3.4000000000000003e-07,3.3e-07,0.24566161360583136
