k,V0,Omega_max,Delta_start,T_ramp_up,T_sweep,T_ramp_down,fidelity
4,251327412.28718346,8796459.43005142,-150796447.37231007,3.3e-06,3.4e-06,3.3e-06,0.3527142243267019
