epsilon,QPA_nqpa2[-1]
0.0,0.1880677410995148
2.5e-05,0.18703951336840352
5e-05,0.1856554229916567
7.500000000000001e-05,0.1848295524076346
0.0001,0.18423729931968583
0.000125,0.18147420252067892
0.00015000000000000001,0.18168091372256584
0.000175,0.17933755295989137
0.0002,0.1795126997440822
0.00022500000000000002,0.17787945868888233
0.00025,0.17613809485191853
0.000275,0.1744988728082175
0.00030000000000000003,0.17459419072920615
0.00032500000000000004,0.17273963383882554
0.00035,0.17248265901650703
0.000375,0.1710316801622836
0.0004,0.1698689205588408
0.00042500000000000003,0.1705687189223643
0.00045000000000000004,0.16836310056748058
0.000475,0.1670611208802262
0.0005,0.1667368624124193
0.0005250000000000001,0.1647668667816051
0.00055,0.16361634676195722
0.000575,0.16232843947583442
0.0006000000000000001,0.16165220460182567
0.000625,0.16199722989276066
0.0006500000000000001,0.16002629959015469
0.000675,0.15793454544878474
0.0007,0.15745583298202442
0.0007250000000000001,0.15637794492599166
0.00075,0.1550522147709091
0.0007750000000000001,0.15403034761518142
0.0008,0.15360602242630864
0.000825,0.15150977701680698
0.0008500000000000001,0.1512764634405526
0.000875,0.1507598443072701
0.0009000000000000001,0.15017586257743057
0.000925,0.1488209922151036
0.00095,0.14837896838142758
0.0009750000000000001,0.14720836284690234
0.001,0.14635474680063987
