Trotter Step,Fidelity
1,0.5052876601585008
2,0.32942837086667803
3,0.32148879643386363
4,0.3173078679954483
5,0.3145526762540448
6,0.3126869741466615
7,0.3112302325768059
8,0.3101987303660622
9,0.3092838208786177
10,0.3081319929260094
11,0.30745193659408987
12,0.3070064542720997
13,0.3064580385266955
14,0.3054451619247759
15,0.30532613228428906
16,0.3048150879454625
17,0.304341061735151
18,0.3038436390076793
19,0.30277621619238787
20,0.3031315020754278
