Lambda,QPA_1
0.8205128205128205,0.221474609375
