Lambda,QPA_1
0.717948717948718,0.33203125
