Lambda,QPA_1
0.8717948717948718,0.1653125
