Lambda,QPA_1
0.6153846153846154,0.450498046875
