Lambda,QPA_1
0.1794871794871795,0.884140625
