Lambda,QPA_1
0.6923076923076923,0.361943359375
