Lambda,QPA_1
0.8974358974358974,0.135361328125
