Lambda,QPA_1
0.10256410256410256,0.942041015625
