Lambda,QPA_1
0.07692307692307693,0.95681640625
