epsilon,QPA_1
0.041025641025641026,0.81466796875
