epsilon,QPA_1
0.07179487179487179,0.7257324218749999
