epsilon,QPA_1
0.07692307692307693,0.76755859375
