epsilon,QPA_1
0.03076923076923077,0.9204980468750001
