epsilon,QPA_1
0.015384615384615385,0.951455078125
