Lambda,QPA_2
0.8974358974358974,0.1360546875
