Lambda,QPA_2
0.8205128205128205,0.2223828125
