Lambda,QPA_2
0.10256410256410256,0.95103515625
