Lambda,QPA_2
0.41025641025641024,0.690654296875
