Lambda,QPA_2
0.4358974358974359,0.66396484375
