Lambda,QPA_2
0.4615384615384615,0.63802734375
