Lambda,QPA_2
0.5641025641025641,0.52009765625
