Lambda,QPA_2
0.3076923076923077,0.79515625
