Lambda,QPA_2
0.15384615384615385,0.918095703125
