Lambda,QPA_2
0.28205128205128205,0.816201171875
