Lambda,QPA_2
0.5128205128205128,0.580537109375
