Lambda,QPA_2
0.20512820512820512,0.880205078125
