Lambda,QPA_2
0.717948717948718,0.342958984375
