Lambda,QPA_2
0.23076923076923075,0.859609375
