Lambda,QPA_2
0.5897435897435898,0.49376953125
