Lambda,QPA_2
0.05128205128205128,0.97841796875
