Lambda,QPA_2
0.7948717948717948,0.252578125
