epsilon,QPA_1
0.08974358974358974,0.79759765625
