epsilon,QPA_1
0.046153846153846156,0.8878515625
