epsilon,QPA_1
0.05384615384615385,0.872705078125
