epsilon,QPA_1
0.010256410256410256,0.97421875
