epsilon,QPA_1
0.09487179487179487,0.786396484375
