epsilon,QPA_0
0.08205128205128205,0.8017382812499999
