epsilon,QPA_0
0.06923076923076923,0.7853613281250001
