epsilon,QPA_0
0.020512820512820513,0.9593749999999999
