epsilon,QPA_0
0.041025641025641026,0.8758496093749999
