epsilon,QPA_nqpa1[-1]
0.0,0.25026936231304303
2.5e-05,0.2500767585277017
5e-05,0.24766694880325094
7.500000000000001e-05,0.24537399278659802
0.0001,0.24228949361763868
0.000125,0.24178527837526148
0.00015000000000000001,0.23827182555722912
0.000175,0.2386066177548076
0.0002,0.23836639617725366
0.00022500000000000002,0.23616123278184226
0.00025,0.23326049562942483
0.000275,0.2310175620750355
0.00030000000000000003,0.22903800720473064
0.00032500000000000004,0.2279823428026404
0.00035,0.22816423191082008
0.000375,0.22513806106068554
0.0004,0.22452044035950813
0.00042500000000000003,0.2217952640928118
0.00045000000000000004,0.22154375188325703
0.000475,0.21973321020470332
0.0005,0.21809699170353541
0.0005250000000000001,0.21669238667082794
0.00055,0.21421650094072286
0.000575,0.21244709803369524
0.0006000000000000001,0.2106717032177395
0.000625,0.21089240168340911
0.0006500000000000001,0.20857568550967248
0.000675,0.20703194673839576
0.0007,0.20608318131030876
0.0007250000000000001,0.2050786093847466
0.00075,0.20348951969976525
0.0007750000000000001,0.20249518188761215
0.0008,0.19961475122501696
0.000825,0.19960179150386215
0.0008500000000000001,0.19870054393982056
0.000875,0.1954149125240233
0.0009000000000000001,0.19606652249758802
0.000925,0.19304321185356924
0.00095,0.19196349928327575
0.0009750000000000001,0.19051893285213717
0.001,0.18993331264583516
