lambda,fidelity
0.0,0.9807499999999999
0.14285714285714285,0.9466249999999999
0.2857142857142857,0.8721249999999998
0.42857142857142855,0.7875
0.5714285714285714,0.6593749999999999
0.7142857142857142,0.5506249999999999
0.8571428571428571,0.3777499999999999
1.0,0.2545
