lambda,fidelity,error
0.0,0.9792499999999998,0.005813670581052904
0.25,0.8927499999999999,0.009498192467846184
0.5,0.723,0.009136767882777256
0.75,0.491375,0.007660478551671886
1.0,0.25087499999999996,0.005537081847925403
