lambda,fidelity
0.0,0.9768750000000002
0.14285714285714285,0.9628750000000003
0.2857142857142857,0.8676250000000001
0.42857142857142855,0.7905
0.5714285714285714,0.6734999999999999
0.7142857142857142,0.5387500000000001
0.8571428571428571,0.384125
1.0,0.23962500000000003
