epsilon,QPA_1
0.07435897435897436,0.8267578125
