epsilon,QPA_1
0.04871794871794872,0.8833984375
