epsilon,QPA_1
0.007692307692307693,0.98064453125
