epsilon,QPA_1
0.09743589743589744,0.62310546875
