epsilon,QPA_0
0.010526315789473684,0.97919921875
