epsilon,QPA_0
0.07894736842105263,0.849443359375
