epsilon,QPA_1
0.08461538461538462,0.746796875
