epsilon,QPA_1
0.046153846153846156,0.8492578125000001
