epsilon,QPA_1
0.023076923076923078,0.9332714843750001
