epsilon,QPA_1
0.020512820512820513,0.9496289062500001
