epsilon,QPA_1
0.002564102564102564,0.9935937499999998
