epsilon,QPA_1
0.010256410256410256,0.9759082031249997
