epsilon,QPA_1
0.08205128205128205,0.7332031250000001
