epsilon,QPA_0
0.05263157894736842,0.896455078125
