epsilon,QPA_0
0.042105263157894736,0.918388671875
