epsilon,QPA_0
0.06842105263157895,0.870009765625
