epsilon,QPA_0
0.021052631578947368,0.95677734375
