epsilon,QPA_1
0.08750000000000001,0.83328125
