epsilon,QPA_0
0.07692307692307693,0.851845703125
