epsilon,QPA_0
0.09230769230769231,0.8237890625
