epsilon,QPA_0
0.09487179487179487,0.820361328125
