epsilon,QPA_0
0.023076923076923078,0.953876953125
