epsilon,QPA_0
0.01282051282051282,0.9748828125
