lambda,fidelity,error
0.0,0.9738749999999999,0.003857283340075629
0.25,0.8580000000000001,0.007825715073157852
0.5,0.7098749999999999,0.008113098374503726
0.75,0.4675,0.007069576929969006
1.0,0.249,0.005364959735985909
