lambda,fidelity,error
0.25,0.869125,0.005173718810342005
0.5,0.6896249999999999,0.005663651168014445
0.75,0.47125000000000006,0.005221428305444829
