lambda,fidelity
0.0,0.992875
0.14285714285714285,0.9276249999999999
0.2857142857142857,0.84525
0.42857142857142855,0.75925
0.5714285714285714,0.6345
0.7142857142857142,0.5095000000000001
0.8571428571428571,0.392
1.0,0.257625
