lambda,fidelity
0.0,0.9752500000000001
0.14285714285714285,0.92725
0.2857142857142857,0.845625
0.42857142857142855,0.7382500000000001
0.5714285714285714,0.6527499999999999
0.7142857142857142,0.49912500000000004
0.8571428571428571,0.37024999999999997
1.0,0.25175000000000003
