epsilon,QPA_0
0.06666666666666667,0.87046875
