epsilon,QPA_0
0.04358974358974359,0.91578125
