epsilon,QPA_0
0.010256410256410256,0.97908203125
