Lambda,QPA_1
0.641025641025641,0.422392578125
