Lambda,QPA_1
0.05128205128205128,0.972734375
