Lambda,QPA_1
0.7948717948717948,0.247216796875
