Lambda,QPA_1
0.28205128205128205,0.79904296875
