Lambda,QPA_1
0.8461538461538461,0.1933984375
