Lambda,QPA_1
0.23076923076923075,0.84337890625
