Lambda,QPA_1
0.1282051282051282,0.924677734375
