Lambda,QPA_1
0.5384615384615384,0.53322265625
