Lambda,QPA_1
0.923076923076923,0.11029296875
