Lambda,QPA_1
0.5641025641025641,0.504775390625
