Lambda,QPA_1
0.3846153846153846,0.698759765625
