Lambda,QPA_1
0.9743589743589743,0.055419921875
