Lambda,QPA_1
0.5128205128205128,0.56212890625
