Lambda,QPA_1
0.7692307692307692,0.27541015625
