Lambda,QPA_1
0.358974358974359,0.726533203125
