Lambda,QPA_1
0.02564102564102564,0.987197265625
