Lambda,QPA_1
0.2564102564102564,0.820283203125
