Lambda,QPA_1
0.4615384615384615,0.616201171875
