Lambda,QPA_1
0.3333333333333333,0.749462890625
