Lambda,QPA_1
0.9487179487179487,0.08134765625
