epsilon,QPA_0
0.06923076923076923,0.867900390625
