epsilon,QPA_0
0.07948717948717948,0.074091796875
