epsilon,QPA_0
0.03076923076923077,0.938466796875
