epsilon,QPA_0
0.08717948717948718,0.834072265625
