epsilon,QPA_0
0.06153846153846154,0.881953125
