epsilon,QPA_0
0.002564102564102564,0.9948046875
