epsilon,QPA_0
0.015384615384615385,0.969775390625
