epsilon,QPA_1
0.07948717948717948,0.818388671875
