epsilon,QPA_1
0.05128205128205128,0.88080078125
