epsilon,QPA_1
0.01282051282051282,0.967783203125
