epsilon,QPA_1
0.06153846153846154,0.855419921875
