epsilon,QPA_1
0.06923076923076923,0.83908203125
