Lambda,QPA_2
0.48717948717948717,0.611103515625
