Lambda,QPA_2
0.6153846153846154,0.463134765625
