Lambda,QPA_2
0.1282051282051282,0.935400390625
