Lambda,QPA_2
0.3333333333333333,0.767626953125
