Lambda,QPA_2
0.641025641025641,0.430556640625
