Lambda,QPA_2
0.5384615384615384,0.548525390625
