Lambda,QPA_2
0.6666666666666666,0.402412109375
