Lambda,QPA_2
0.1794871794871795,0.8995703125
