Lambda,QPA_2
0.2564102564102564,0.836953125
