Lambda,QPA_2
0.923076923076923,0.10888671875
