epsilon,QPA_nqpa2[-1]
0.0,0.18804350229458366
2.5e-05,0.1862136914709562
5e-05,0.18513694123041954
7.500000000000001e-05,0.18347725934667086
0.0001,0.18221548650737895
0.000125,0.1804470962381305
0.00015000000000000001,0.17887221850238016
0.000175,0.17727167077418268
0.0002,0.1752561781086847
0.00022500000000000002,0.17359622980669445
0.00025,0.17298675424321963
0.000275,0.17111338447235686
0.00030000000000000003,0.16983325666966412
0.00032500000000000004,0.16876520536904482
0.00035,0.16571402978147096
0.000375,0.1662248597232087
0.0004,0.1636684716738253
0.00042500000000000003,0.16249119881720347
0.00045000000000000004,0.16070471691155094
0.000475,0.15926044688063112
0.0005,0.1574031231919359
0.0005250000000000001,0.15718030975971672
0.00055,0.15533029524091946
0.000575,0.15606922771714116
0.0006000000000000001,0.1522353322674223
0.000625,0.15142271247021294
0.0006500000000000001,0.15034730943248237
0.000675,0.14992988904824087
0.0007,0.14771964648660307
0.0007250000000000001,0.14649903483883625
0.00075,0.1462676791338966
0.0007750000000000001,0.14406514759047118
0.0008,0.1439371771431203
0.000825,0.1434820552933865
0.0008500000000000001,0.14016246844834582
0.000875,0.1395455975036103
0.0009000000000000001,0.1386271644395626
0.000925,0.13738100978812054
0.00095,0.13612856414843919
0.0009750000000000001,0.13487794937495629
0.001,0.13430836333447593
