epsilon,QPA_nqpa1[-1]
0.0,0.0005538158369696525
2.5e-05,0.0008725457471910128
5e-05,0.001149371962761006
7.500000000000001e-05,0.00142474669611449
0.0001,0.0017545843359965882
0.000125,0.00208084644378137
0.00015000000000000001,0.002378135481452673
0.000175,0.002644657587108787
0.0002,0.002906277500972304
0.00022500000000000002,0.003276051669039909
0.00025,0.0034873003143528064
0.000275,0.003649246075847705
0.00030000000000000003,0.004025882129986703
0.00032500000000000004,0.004414611940596676
0.00035,0.004598644093221228
0.000375,0.0048741900096591
0.0004,0.00526504555482514
0.00042500000000000003,0.00554921318931547
0.00045000000000000004,0.005778196210741944
0.000475,0.005888071400303771
0.0005,0.006237234678948107
0.0005250000000000001,0.006428621573038945
0.00055,0.006848118166427046
0.000575,0.007093238967518373
0.0006000000000000001,0.0073014892945239
0.000625,0.007609628415585046
0.0006500000000000001,0.007790759041241782
0.000675,0.008170441392643175
0.0007,0.0081227522388473
0.0007250000000000001,0.008433800021914996
0.00075,0.008697315762934282
0.0007750000000000001,0.009144432626053405
0.0008,0.009121712547581151
0.000825,0.009548398566121559
0.0008500000000000001,0.009743521389703247
0.000875,0.010040344664558963
0.0009000000000000001,0.0100934162847236
0.000925,0.010435816177022321
0.00095,0.010547389940871447
0.0009750000000000001,0.010724867171398332
0.001,0.01114562357269648
