epsilon,QPA_nqpa3[-1]
0.0,0.23499487540579156
2.5e-05,0.2323486408393402
5e-05,0.22967012978152393
7.500000000000001e-05,0.22626773337455874
0.0001,0.22490143998089054
0.000125,0.22093453374054162
0.00015000000000000001,0.218897427037784
0.000175,0.21785917057558474
0.0002,0.21349098923516713
0.00022500000000000002,0.21076379029375833
0.00025,0.20851416443358137
0.000275,0.2071847165608851
0.00030000000000000003,0.20540434997805512
0.00032500000000000004,0.20174444900868507
0.00035,0.19989194459089485
0.000375,0.19765181163680623
0.0004,0.19557206158608148
0.00042500000000000003,0.1936351323851882
0.00045000000000000004,0.1904372430071988
0.000475,0.18749517020281029
0.0005,0.18592932610622648
0.0005250000000000001,0.18469799812168272
0.00055,0.18340826502370766
0.000575,0.179928187967057
0.0006000000000000001,0.17715069573702602
0.000625,0.1774853155496792
0.0006500000000000001,0.17571394527346212
0.000675,0.1729534938617589
0.0007,0.17138897855608318
0.0007250000000000001,0.17012918495896073
0.00075,0.16806009250391407
0.0007750000000000001,0.16633967328244142
0.0008,0.16310253772413777
0.000825,0.16201640108908408
0.0008500000000000001,0.15905275003175526
0.000875,0.158880774410232
0.0009000000000000001,0.15823105582991193
0.000925,0.1553135880798771
0.00095,0.1537899092058536
0.0009750000000000001,0.15313841613998336
0.001,0.1503641898525432
