epsilon,QPA_nqpa1[-1]
0.0,0.25073435694643287
2.5e-05,0.2483003049084177
5e-05,0.24515277902219465
7.500000000000001e-05,0.24451636842415617
0.0001,0.24434379754520288
0.000125,0.2400070567031093
0.00015000000000000001,0.23902141374894678
0.000175,0.2372671064965221
0.0002,0.235015193822939
0.00022500000000000002,0.23255597589330013
0.00025,0.23185911107440446
0.000275,0.2308232147356025
0.00030000000000000003,0.2305757367349469
0.00032500000000000004,0.2268746992888094
0.00035,0.22573505182369152
0.000375,0.225083712617777
0.0004,0.2232128836945917
0.00042500000000000003,0.220787421805668
0.00045000000000000004,0.22010238162765397
0.000475,0.2184532823838236
0.0005,0.21643196150928676
0.0005250000000000001,0.2153188704413801
0.00055,0.2147938195538845
0.000575,0.21298350802235136
0.0006000000000000001,0.21073173733955974
0.000625,0.20890307818797804
0.0006500000000000001,0.20861138320698475
0.000675,0.20818942781634026
0.0007,0.20590606471109404
0.0007250000000000001,0.20304330800518058
0.00075,0.20127024053586207
0.0007750000000000001,0.20140472113843014
0.0008,0.19973969440500136
0.000825,0.19717010086171044
0.0008500000000000001,0.19590925556216823
0.000875,0.1961503449978699
0.0009000000000000001,0.19366038101235816
0.000925,0.1919234218669585
0.00095,0.1923108086668139
0.0009750000000000001,0.18835277788969945
0.001,0.18765878466982996
