epsilon,QPA_nqpa3[-1]
0.0,0.0018947324798880283
2.5e-05,0.0023131394084189363
5e-05,0.002734232280953812
7.500000000000001e-05,0.003148553882163188
0.0001,0.0036247056846837045
0.000125,0.003988952096578527
0.00015000000000000001,0.004287596197919227
0.000175,0.004769982009005622
0.0002,0.005148737747286428
0.00022500000000000002,0.005491940157349752
0.00025,0.005830591068116536
0.000275,0.00632886430806321
0.00030000000000000003,0.006571367184553027
0.00032500000000000004,0.006924660006745138
0.00035,0.007385856684621189
0.000375,0.007833046125002921
0.0004,0.00802464226653496
0.00042500000000000003,0.008423508626455758
0.00045000000000000004,0.008642315010249486
0.000475,0.008869754575121
0.0005,0.00932664007228829
0.0005250000000000001,0.009715347897590841
0.00055,0.010129676283035363
0.000575,0.010298913372979654
0.0006000000000000001,0.010745707921098545
0.000625,0.011002290164314095
0.0006500000000000001,0.011160118987236657
0.000675,0.01161895687953999
0.0007,0.011931112842651553
0.0007250000000000001,0.01202704850889559
0.00075,0.012496962369035837
0.0007750000000000001,0.012949365510448542
0.0008,0.012942018443724612
0.000825,0.013127985863562612
0.0008500000000000001,0.013571400943963564
0.000875,0.01389609731979511
0.0009000000000000001,0.013962055613699717
0.000925,0.014348216870183228
0.00095,0.014676816002116774
0.0009750000000000001,0.015014186825395036
0.001,0.015112382721284803
