epsilon,QPA_1
0.05263157894736842,0.678212890625
