epsilon,QPA_1
0.07894736842105263,0.815224609375
