epsilon,QPA_1
0.06315789473684211,0.66892578125
