epsilon,QPA_1
0.05789473684210526,0.862412109375
