epsilon,QPA_1
0.010526315789473684,0.974130859375
