epsilon,QPA_1
0.08947368421052632,0.797412109375
