epsilon,QPA_1
0.09473684210526316,0.784912109375
