epsilon,QPA_nqpa2[-1]
0.0,0.002066827039731295
2.5e-05,0.0028100545317035486
5e-05,0.003477828117838297
7.500000000000001e-05,0.0043032714718634
0.0001,0.005067892005032139
0.000125,0.005554248613815906
0.00015000000000000001,0.006476457956069236
0.000175,0.00716025989152063
0.0002,0.00781254135488093
0.00022500000000000002,0.008418194322097526
0.00025,0.008634177634325196
0.000275,0.009763647785447575
0.00030000000000000003,0.010242974324695044
0.00032500000000000004,0.010950214476976763
0.00035,0.011329312623113673
0.000375,0.012062340993916565
0.0004,0.012573444764923454
0.00042500000000000003,0.01348234045068912
0.00045000000000000004,0.013594781552472006
0.000475,0.014736307933197412
0.0005,0.014999336311492258
0.0005250000000000001,0.015373968407873188
0.00055,0.016268381308537083
0.000575,0.01669483187356955
0.0006000000000000001,0.01732606003252811
0.000625,0.017419100578327566
0.0006500000000000001,0.018481577829575636
0.000675,0.018909023948188122
0.0007,0.019583023031653893
0.0007250000000000001,0.01989952208096446
0.00075,0.019680110613590533
0.0007750000000000001,0.021017869219290428
0.0008,0.020997308318549242
0.000825,0.021612156173764656
0.0008500000000000001,0.022218703838461376
0.000875,0.02279501748319593
0.0009000000000000001,0.02322827872890946
0.000925,0.023363240165935807
0.00095,0.023818517444066066
0.0009750000000000001,0.024180252713043464
0.001,0.024844735015682524
