epsilon,QPA_nqpa1[-1]
0.0,0.0005497145340261841
2.5e-05,0.0008619267651722162
5e-05,0.0011476024960467707
7.500000000000001e-05,0.001441748680438358
0.0001,0.0017270941655752256
0.000125,0.002037544093519375
0.00015000000000000001,0.0023553610479045486
0.000175,0.0025639580615839097
0.0002,0.0029447620651551903
0.00022500000000000002,0.0032280710031799137
0.00025,0.0035559100469419597
0.000275,0.0038602666714206493
0.00030000000000000003,0.004044551542099845
0.00032500000000000004,0.004284622793263609
0.00035,0.004498619775289196
0.000375,0.004858048644443523
0.0004,0.0051954078033226575
0.00042500000000000003,0.0055965221859888
0.00045000000000000004,0.005795426080652186
0.000475,0.006038299154979776
0.0005,0.00617451752364246
0.0005250000000000001,0.006603859395070001
0.00055,0.0067176347657926724
0.000575,0.00690214992382622
0.0006000000000000001,0.007395588052344193
0.000625,0.007484646497884377
0.0006500000000000001,0.007979125442367334
0.000675,0.008064278908524923
0.0007,0.008521411802481282
0.0007250000000000001,0.00844720926850287
0.00075,0.008788851867697345
0.0007750000000000001,0.008839041014504605
0.0008,0.009399131296714415
0.000825,0.009426924152501064
0.0008500000000000001,0.009745433377979784
0.000875,0.009796529012809634
0.0009000000000000001,0.010258523639379381
0.000925,0.010536300148190576
0.00095,0.010641977846034545
0.0009750000000000001,0.010995772667181603
0.001,0.011110751178697018
