Lambda,QPA_2
0.7435897435897436,0.3120703125
