Lambda,QPA_2
0.358974358974359,0.743427734375
