Lambda,QPA_2
0.9743589743589743,0.0573046875
