Lambda,QPA_2
0.02564102564102564,0.989765625
