Lambda,QPA_2
0.9487179487179487,0.082509765625
