epsilon,QPA_0
0.08750000000000001,0.8015666992187502
