epsilon,QPA_0
0.05789473684210526,0.889501953125
