epsilon,QPA_0
0.04736842105263158,0.9076953125
