epsilon,QPA_0
0.005263157894736842,0.989638671875
