epsilon,QPA_0
0.08421052631578947,0.837470703125
