epsilon,QPA_1
0.005263157894736842,0.986865234375
