epsilon,QPA_1
0.04736842105263158,0.888447265625
