Lambda,QPA_0
0.358974358974359,0.653037109375
