Lambda,QPA_0
0.6153846153846154,0.406708984375
