Lambda,QPA_0
0.8974358974358974,0.130244140625
