Lambda,QPA_0
0.02564102564102564,0.97541015625
