Lambda,QPA_0
0.28205128205128205,0.727646484375
