Lambda,QPA_0
0.7435897435897436,0.27947265625
