Lambda,QPA_0
0.15384615384615385,0.850029296875
