Lambda,QPA_0
0.3333333333333333,0.678349609375
