Lambda,QPA_0
0.8461538461538461,0.181337890625
