Lambda,QPA_0
0.4615384615384615,0.552177734375
