Lambda,QPA_0
0.5128205128205128,0.50455078125
