Lambda,QPA_0
0.8205128205128205,0.20560546875
