Lambda,QPA_0
0.41025641025641024,0.603037109375
