Lambda,QPA_0
0.5641025641025641,0.451396484375
