Lambda,QPA_0
0.4358974358974359,0.5765625
