Lambda,QPA_0
0.9487179487179487,0.081416015625
