Lambda,QPA_0
0.717948717948718,0.30423828125
