Lambda,QPA_0
0.5897435897435898,0.427265625
