Lambda,QPA_0
0.20512820512820512,0.79908203125
