Lambda,QPA_0
0.23076923076923075,0.775361328125
