Lambda,QPA_0
0.8717948717948718,0.1564453125
