epsilon,QPA_nqpa3[-1]
0.0,0.8580802392641883
2.5e-05,0.8541034713489867
5e-05,0.8494714263603879
7.500000000000001e-05,0.8457265328204295
0.0001,0.8425671010697775
0.000125,0.8393297593845347
0.00015000000000000001,0.8359719071130679
0.000175,0.8334787544782162
0.0002,0.8282715053528099
0.00022500000000000002,0.8253245659844191
0.00025,0.8216955429134857
0.000275,0.8189737678799758
0.00030000000000000003,0.8138997876377679
0.00032500000000000004,0.8121475507463412
0.00035,0.8089396048277533
0.000375,0.8036407192945049
0.0004,0.8026371949984973
0.00042500000000000003,0.8005200899925724
0.00045000000000000004,0.7971381290878734
0.000475,0.7926577778126747
0.0005,0.7901069261703287
0.0005250000000000001,0.78732115672843
0.00055,0.7830819410069242
0.000575,0.7809355884943927
0.0006000000000000001,0.7767103814652391
0.000625,0.774651209602935
0.0006500000000000001,0.7726987211541383
0.000675,0.769794478818101
0.0007,0.7660619414330073
0.0007250000000000001,0.763152527153482
0.00075,0.7609203744841863
0.0007750000000000001,0.7584440400185674
0.0008,0.75482562806516
0.000825,0.7546610512506624
0.0008500000000000001,0.7495207679273134
0.000875,0.7484231425390281
0.0009000000000000001,0.7445766116777403
0.000925,0.7418115265281342
0.00095,0.7417863281821158
0.0009750000000000001,0.7383152602325148
0.001,0.7360430172678517
