epsilon,QPA_0
0.07692307692307693,0.7709374999999999
