epsilon,QPA_0
0.05897435897435897,0.80140625
