epsilon,QPA_0
0.017948717948717947,0.964892578125
