epsilon,QPA_0
0.005128205128205128,0.9899121093749998
