Lambda,QPA_0
0.3846153846153846,0.626376953125
