Lambda,QPA_0
0.05128205128205128,0.950849609375
