Lambda,QPA_0
0.3076923076923077,0.70111328125
