Lambda,QPA_0
0.1282051282051282,0.87724609375
