epsilon,QPA_nqpa2[-1]
0.0,0.18776956620450058
2.5e-05,0.18471125640920533
5e-05,0.18338255604353781
7.500000000000001e-05,0.18123284217881858
0.0001,0.1803672700311637
0.000125,0.18005607766580525
0.00015000000000000001,0.1775990697402231
0.000175,0.17552860729029984
0.0002,0.17363437969780798
0.00022500000000000002,0.17270347438320097
0.00025,0.1713727879632522
0.000275,0.17020509221452318
0.00030000000000000003,0.1690022402736902
0.00032500000000000004,0.1665745608185457
0.00035,0.16616694006957977
0.000375,0.1641874764643474
0.0004,0.16179612674765972
0.00042500000000000003,0.159654896591395
0.00045000000000000004,0.16030655875252703
0.000475,0.15848037310188057
0.0005,0.15668299858164436
0.0005250000000000001,0.15584766056480537
0.00055,0.15452229768336775
0.000575,0.15153644886441392
0.0006000000000000001,0.15154432762031442
0.000625,0.15148630423603007
0.0006500000000000001,0.14949135421515294
0.000675,0.14754413302161945
0.0007,0.1471548864865013
0.0007250000000000001,0.14562249192193788
0.00075,0.1447600486795563
0.0007750000000000001,0.14384059096288046
0.0008,0.14028075244700217
0.000825,0.1414512674424042
0.0008500000000000001,0.1391407833063894
0.000875,0.13939234595712563
0.0009000000000000001,0.13862440340703536
0.000925,0.1361696402366354
0.00095,0.13484548475548816
0.0009750000000000001,0.13437458716473444
0.001,0.13303072480156192
