epsilon,QPA_1
0.02564102564102564,0.9162011718750002
