epsilon,QPA_1
0.05897435897435897,0.8124707031249999
