epsilon,QPA_1
0.03333333333333333,0.8834863281249999
