epsilon,QPA_1
0.07948717948717948,0.792451171875
