epsilon,QPA_1
0.06666666666666667,0.8463769531249999
