epsilon,QPA_1
0.035897435897435895,0.8883886718749998
