epsilon,QPA_nqpa3[-1]
0.0,0.5300449546012982
2.5e-05,0.5318273326404109
5e-05,0.5377255618054532
7.500000000000001e-05,0.533484222468807
0.0001,0.5365786127301596
0.000125,0.5393323320731358
0.00015000000000000001,0.541592492059165
0.000175,0.5431882019287004
0.0002,0.5439110110893869
0.00022500000000000002,0.5472028098829919
0.00025,0.5489839627727917
0.000275,0.5489375200477453
0.00030000000000000003,0.5496219775416459
0.00032500000000000004,0.5531918679934463
0.00035,0.5523835885528074
0.000375,0.5575662166708211
0.0004,0.556971311499555
0.00042500000000000003,0.5586783321722245
0.00045000000000000004,0.558255360996516
0.000475,0.5596835553236719
0.0005,0.5597674368013134
0.0005250000000000001,0.5592883711109718
0.00055,0.5624943332271787
0.000575,0.561912228083569
0.0006000000000000001,0.5651532125096819
0.000625,0.56469516300381
0.0006500000000000001,0.5659246748937167
0.000675,0.5669740755766637
0.0007,0.5677885175440809
0.0007250000000000001,0.5690554520109308
0.00075,0.5705365401770984
0.0007750000000000001,0.5701885145190111
0.0008,0.5724577787781612
0.000825,0.5705616324955082
0.0008500000000000001,0.5706993223904189
0.000875,0.5722703672029816
0.0009000000000000001,0.5724827277546888
0.000925,0.5712832519059666
0.00095,0.5742147803049089
0.0009750000000000001,0.5745033699538505
0.001,0.5741539952851085
