lambda,QPA_0
0.3333333333333333,0.7591137113711367
