lambda,QPA_0
0.36666666666666664,0.7092785278527841
