epsilon,QPA_1
0.04358974358974359,0.8738378906250001
