epsilon,QPA_1
0.017948717948717947,0.9576074218749998
