epsilon,QPA_1
0.06923076923076923,0.7632519531249999
