epsilon,QPA_1
0.038461538461538464,0.8817187499999999
