epsilon,QPA_1
0.08974358974358974,0.7295898437500001
