epsilon,QPA_1
0.007692307692307693,0.9682324218749999
