epsilon,QPA_nqpa2[-1]
0.0,0.00041451685861670223
2.5e-05,0.0012024086668011094
5e-05,0.002062890325836862
7.500000000000001e-05,0.0028754754548571196
0.0001,0.003523413598900453
0.000125,0.004485752150958658
0.00015000000000000001,0.005042239644752679
0.000175,0.0058771425667601546
0.0002,0.006638464426518095
0.00022500000000000002,0.0077245970078753945
0.00025,0.008120053516807973
0.000275,0.00859265161125191
0.00030000000000000003,0.009571150748317582
0.00032500000000000004,0.009941759377517206
0.00035,0.011009564403141686
0.000375,0.011627530600560189
0.0004,0.012000795525065597
0.00042500000000000003,0.012656175272811779
0.00045000000000000004,0.013557099364860027
0.000475,0.01399099791483617
0.0005,0.014740918087283707
0.0005250000000000001,0.015155033506649068
0.00055,0.015988835579143094
0.000575,0.016541925312892766
0.0006000000000000001,0.017166256469564253
0.000625,0.017399032080077974
0.0006500000000000001,0.017664114817150633
0.000675,0.018564950182053903
0.0007,0.018908100330911524
0.0007250000000000001,0.019703420801438228
0.00075,0.019922367130231947
0.0007750000000000001,0.020424529697722037
0.0008,0.0212164316020874
0.000825,0.021437067843369392
0.0008500000000000001,0.02208447613008061
0.000875,0.022142667157297083
0.0009000000000000001,0.022634127723129317
0.000925,0.023083748961677447
0.00095,0.023647982556417202
0.0009750000000000001,0.024301958873400607
0.001,0.02462711627298332
