lambda,QPA_1
0.2631578947368421,0.8506666666666667
