lambda,QPA_1
0.7894736842105263,0.41533333333333333
