lambda,QPA_1
0.5789473684210527,0.5976666666666667
