lambda,QPA_1
0.6842105263157894,0.5176666666666667
