lambda,QPA_1
0.10526315789473684,0.9333333333333333
