lambda,QPA_1
0.631578947368421,0.5713333333333334
