lambda,QPA_1
0.894736842105263,0.3416666666666667
