lambda,QPA_1
0.3157894736842105,0.8116666666666666
