lambda,QPA_1
0.05263157894736842,0.9506666666666667
