lambda,QPA_1
0.21052631578947367,0.8663333333333333
