lambda,QPA_1
0.15789473684210525,0.9083333333333333
