k,V0,Omega_max,Delta_start,T_ramp_up,T_sweep,T_ramp_down,fidelity
4,251327412.28718346,17844246.272390023,-23876104.16728243,4.95e-07,5.1e-07,4.95e-07,0.7600070079966377
