k,V0,Omega_max,Delta_start,T_ramp_up,T_sweep,T_ramp_down,fidelity
4,251327412.28718346,17718582.56624643,-37699111.84307752,5.94e-07,6.12e-07,5.94e-07,0.7363868254414233
