k,V0,Omega_max,Delta_start,T_ramp_up,T_sweep,T_ramp_down,fidelity
4,251327412.28718346,18849555.92153876,-16336281.798666924,3.96e-07,4.08e-07,3.96e-07,0.7607517943816978
