k,V0,Omega_max,Delta_start,T_ramp_up,T_sweep,T_ramp_down,fidelity
4,251327412.28718346,18849555.92153876,-26389378.290154263,5.28e-07,5.44e-07,5.28e-07,0.7488682306823434
