k,V0,Omega_max,Delta_start,T_ramp_up,T_sweep,T_ramp_down,fidelity
4,251327412.28718346,18849555.92153876,-33929200.658769764,6.27e-07,6.46e-07,6.27e-07,0.7237362523840363
