k,V0,Omega_max,Delta_start,T_ramp_up,T_sweep,T_ramp_down,fidelity
4,251327412.28718346,18849555.92153876,-21362830.044410594,6.27e-07,6.46e-07,6.27e-07,0.704529261400294
