k,V0,Omega_max,Delta_start,T_ramp_up,T_sweep,T_ramp_down,fidelity
4,251327412.28718346,18849555.92153876,-20106192.982974675,3.96e-07,4.08e-07,3.96e-07,0.7822659491937787
