k,V0,Omega_max,Delta_start,T_ramp_up,T_sweep,T_ramp_down,fidelity
4,251327412.28718346,18849555.92153876,-13823007.675795091,4.95e-07,5.1e-07,4.95e-07,0.7410701012090628
