k,V0,Omega_max,Delta_start,T_ramp_up,T_sweep,T_ramp_down,fidelity
4,251327412.28718346,17718582.56624643,-28902652.413026094,5.28e-07,5.44e-07,5.28e-07,0.7461834149901668
