k,V0,Omega_max,Delta_start,T_ramp_up,T_sweep,T_ramp_down,fidelity
4,251327412.28718346,18849555.92153876,-13823007.675795091,3.3e-07,3.4000000000000003e-07,3.3e-07,0.5568565122030473
