k,V0,Omega_max,Delta_start,T_ramp_up,T_sweep,T_ramp_down,fidelity
4,251327412.28718346,18723892.215395167,-16336281.798666924,4.95e-07,5.1e-07,4.95e-07,0.7265715719316432
