lambda,fidelity,error
0.3,0.7933333333333334,0.015670017098620415
