lambda,fidelity,error
0.3,0.7906666666666666,0.010923259085461216
