epsilon,QPA_nqpa1[-1]
0.0,0.2508299134139497
2.5e-05,0.2499021437415617
5e-05,0.24705805929244654
7.500000000000001e-05,0.24596867447399096
0.0001,0.24559744824487187
0.000125,0.2418036734031404
0.00015000000000000001,0.2406700851597528
0.000175,0.23884741944617166
0.0002,0.23734009752149035
0.00022500000000000002,0.23635393431122353
0.00025,0.23362593301783355
0.000275,0.23214298252508198
0.00030000000000000003,0.23009632579444098
0.00032500000000000004,0.2299258873810962
0.00035,0.2287339382612252
0.000375,0.22612213828071345
0.0004,0.22412695659851045
0.00042500000000000003,0.22440307301978857
0.00045000000000000004,0.22236239608499564
0.000475,0.2194968991804084
0.0005,0.21867503997052462
0.0005250000000000001,0.21823615070770241
0.00055,0.21561125797212388
0.000575,0.21262279917321628
0.0006000000000000001,0.21341060945240892
0.000625,0.21058443913254157
0.0006500000000000001,0.21014651910224116
0.000675,0.20672365617699315
0.0007,0.20756335220030947
0.0007250000000000001,0.20571950667452152
0.00075,0.2053790672137883
0.0007750000000000001,0.2032884242869155
0.0008,0.20131329336692222
0.000825,0.20164226036984761
0.0008500000000000001,0.19784330764479727
0.000875,0.1977770431791457
0.0009000000000000001,0.19573770273749752
0.000925,0.19284423683230653
0.00095,0.19346393719578808
0.0009750000000000001,0.19165628140771857
0.001,0.1898782705574232
