epsilon,QPA_nqpa3[-1]
0.0,0.0020672683872922093
2.5e-05,0.0029697718411234517
5e-05,0.004039914645898285
7.500000000000001e-05,0.0049916117219982944
0.0001,0.005786843006485784
0.000125,0.0065668435587025245
0.00015000000000000001,0.007473908890396258
0.000175,0.008591211938841756
0.0002,0.00915858073671498
0.00022500000000000002,0.009863890231573566
0.00025,0.010866596870666496
0.000275,0.011842315868582871
0.00030000000000000003,0.01243708297017574
0.00032500000000000004,0.013256106318159287
0.00035,0.013956723347818917
0.000375,0.01491814583645431
0.0004,0.01566592229336601
0.00042500000000000003,0.016106937491553376
0.00045000000000000004,0.01692548832284585
0.000475,0.017345470203373688
0.0005,0.017661473639112378
0.0005250000000000001,0.018589874819543443
0.00055,0.019280520948067113
0.000575,0.020221978377655398
0.0006000000000000001,0.020106773964033396
0.000625,0.02048328183835749
0.0006500000000000001,0.02155927676791252
0.000675,0.022092317215928015
0.0007,0.022323931376353346
0.0007250000000000001,0.023244482996918912
0.00075,0.023371237652607072
0.0007750000000000001,0.024135605367966037
0.0008,0.02387983202544186
0.000825,0.02479516593543663
0.0008500000000000001,0.025311427099005763
0.000875,0.026174997893845014
0.0009000000000000001,0.026413621024143605
0.000925,0.026367141205650785
0.00095,0.027239252855453103
0.0009750000000000001,0.027621001617001897
0.001,0.027640039830578885
