epsilon,QPA_1
0.06666666666666667,0.703369140625
