epsilon,QPA_1
0.05641025641025641,0.86853515625
