epsilon,QPA_1
0.038461538461538464,0.908046875
