epsilon,QPA_1
0.09230769230769231,0.789326171875
