epsilon,QPA_1
0.07179487179487179,0.83185546875
