epsilon,QPA_0
0.01282051282051282,0.9745898437500002
