epsilon,QPA_0
0.010256410256410256,0.930205078125
