epsilon,QPA_0
0.038461538461538464,0.88130859375
