epsilon,QPA_0
0.0641025641025641,0.87615234375
