epsilon,QPA_0
0.05384615384615385,0.6845214843749999
