epsilon,QPA_0
0.05641025641025641,0.8899707031249999
