epsilon,QPA_0
0.07435897435897436,0.6954785156249998
