epsilon,QPA_0
0.007692307692307693,0.9363671875000001
