epsilon,QPA_0
0.04871794871794872,0.8616796875
