epsilon,QPA_0
0.09230769230769231,0.6752050781250001
