epsilon,QPA_0
0.031578947368421054,0.937578125
