epsilon,QPA_0
0.03684210526315789,0.9286328125
