epsilon,QPA_0
0.02631578947368421,0.0260546875
