epsilon,QPA_nqpa3[-1]
0.0,1.3461454173580023e-15
2.5e-05,0.0009421013857589047
5e-05,0.0018386321012276094
7.500000000000001e-05,0.0030026351193744305
0.0001,0.003764990058189241
0.000125,0.004618088865460515
0.00015000000000000001,0.005415694820452746
0.000175,0.006532504123931422
0.0002,0.007391699243454071
0.00022500000000000002,0.008263575730810796
0.00025,0.00886246109774698
0.000275,0.009785794863563721
0.00030000000000000003,0.010550629931496455
0.00032500000000000004,0.01112279650504943
0.00035,0.011889057899020006
0.000375,0.012875900162011858
0.0004,0.013539053801343362
0.00042500000000000003,0.013940056016433458
0.00045000000000000004,0.014882468495952594
0.000475,0.0156321760755632
0.0005,0.016129376535160167
0.0005250000000000001,0.01686069957980562
0.00055,0.01741369797185519
0.000575,0.01819972655726937
0.0006000000000000001,0.018580697388114478
0.000625,0.019207919479932677
0.0006500000000000001,0.01954911825152463
0.000675,0.0201772546320347
0.0007,0.02058070113016591
0.0007250000000000001,0.02149307322983526
0.00075,0.022086972540514498
0.0007750000000000001,0.0220632067740426
0.0008,0.023262268419494997
0.000825,0.0238282416442807
0.0008500000000000001,0.02428192134659713
0.000875,0.024487295061810237
0.0009000000000000001,0.024591972644253675
0.000925,0.025621751916497366
0.00095,0.026038165070995267
0.0009750000000000001,0.026108774865538923
0.001,0.025756300701165767
