epsilon,QPA_nqpa1[-1]
0.0,0.0005505541708466927
2.5e-05,0.0014619154812052018
5e-05,0.0021093321884443697
7.500000000000001e-05,0.0028372770330804785
0.0001,0.0035372117616606497
0.000125,0.004157963371639883
0.00015000000000000001,0.005155981872725163
0.000175,0.0057571244557546655
0.0002,0.006712803980808989
0.00022500000000000002,0.0076201135778771745
0.00025,0.007948442481430416
0.000275,0.008632823014039365
0.00030000000000000003,0.00951569997045405
0.00032500000000000004,0.009968368925000193
0.00035,0.010667286037056183
0.000375,0.01165847848861866
0.0004,0.012297879388070618
0.00042500000000000003,0.012552134326028065
0.00045000000000000004,0.013033206203290904
0.000475,0.013730902533101167
0.0005,0.014233505330029695
0.0005250000000000001,0.015162232198379796
0.00055,0.015619037712600828
0.000575,0.016926528944603884
0.0006000000000000001,0.01703248848670917
0.000625,0.017420741659068678
0.0006500000000000001,0.017710724425953447
0.000675,0.01835247490001306
0.0007,0.019632485178422757
0.0007250000000000001,0.019595501867332575
0.00075,0.020515116972236683
0.0007750000000000001,0.020530758663208748
0.0008,0.021764706351705555
0.000825,0.02218461426643381
0.0008500000000000001,0.022538588153905654
0.000875,0.0230602975904459
0.0009000000000000001,0.02359079046814408
0.000925,0.024153205294831705
0.00095,0.0246481859409391
0.0009750000000000001,0.02523022050010301
0.001,0.02557114173374499
