k,V0,Omega_max,Delta_start,T_ramp_up,T_sweep,T_ramp_down,fidelity
4,251327412.28718346,11309733.552923255,-138230076.75795087,1.32e-06,1.3600000000000001e-06,1.32e-06,0.34355289937697453
