k,V0,Omega_max,Delta_start,T_ramp_up,T_sweep,T_ramp_down,fidelity
4,251327412.28718346,11309733.552923255,-138230076.75795087,1.98e-06,2.04e-06,1.98e-06,0.4108087350922761
