k,V0,Omega_max,Delta_start,T_ramp_up,T_sweep,T_ramp_down,fidelity
4,251327412.28718346,16336281.798666924,-50265482.45743669,9.9e-07,1.02e-06,9.9e-07,0.6371243298241062
