k,V0,Omega_max,Delta_start,T_ramp_up,T_sweep,T_ramp_down,fidelity
4,251327412.28718346,10053096.491487337,-75398223.68615504,3.3e-06,3.4e-06,3.3e-06,0.4563178519912033
