k,V0,Omega_max,Delta_start,T_ramp_up,T_sweep,T_ramp_down,fidelity
4,251327412.28718346,17592918.86010284,-113097335.52923255,2.97e-06,3.06e-06,2.97e-06,0.47041463599760225
