k,V0,Omega_max,Delta_start,T_ramp_up,T_sweep,T_ramp_down,fidelity
4,251327412.28718346,10053096.491487337,-75398223.68615504,9.9e-07,1.02e-06,9.9e-07,0.39659030102323845
