k,V0,Omega_max,Delta_start,T_ramp_up,T_sweep,T_ramp_down,fidelity
4,251327412.28718346,12566370.614359172,-175929188.6010284,1.65e-06,1.7e-06,1.65e-06,0.3782342194548839
