k,V0,Omega_max,Delta_start,T_ramp_up,T_sweep,T_ramp_down,fidelity
4,251327412.28718346,16336281.798666924,-62831853.071795866,3.3e-06,3.4e-06,3.3e-06,0.4272394034995157
