k,V0,Omega_max,Delta_start,T_ramp_up,T_sweep,T_ramp_down,fidelity
4,251327412.28718346,18849555.92153876,-50265482.45743669,1.98e-06,2.04e-06,1.98e-06,0.4883398503632501
