k,V0,Omega_max,Delta_start,T_ramp_up,T_sweep,T_ramp_down,fidelity
4,251327412.28718346,11309733.552923255,-75398223.68615504,3.3e-06,3.4e-06,3.3e-06,0.45756102645220087
