k,V0,Omega_max,Delta_start,T_ramp_up,T_sweep,T_ramp_down,fidelity
4,251327412.28718346,11309733.552923255,-150796447.37231007,1.65e-06,1.7e-06,1.65e-06,0.36101861015664927
