Lambda,QPA_1
0.7435897435897436,0.306015625
