Lambda,QPA_1
0.4358974358974359,0.646591796875
