epsilon,QPA_1
0.06842105263157895,0.69849609375
