epsilon,QPA_1
0.015789473684210527,0.9608203125
