k,V0,Omega_max,Delta_start,T_ramp_up,T_sweep,T_ramp_down,fidelity
4,251327412.28718346,8796459.43005142,-12566370.614359172,1.98e-06,2.04e-06,1.98e-06,0.4483533251095658
