k,V0,Omega_max,Delta_start,T_ramp_up,T_sweep,T_ramp_down,fidelity
4,251327412.28718346,16336281.798666924,-12566370.614359172,1.32e-06,1.3600000000000001e-06,1.32e-06,0.5032668616227676
