epsilon,QPA_nqpa1[-1]
0.0,0.0010993644806002803
2.5e-05,0.00141858692650184
5e-05,0.0016928334716479684
7.500000000000001e-05,0.0019911334157779806
0.0001,0.0023694843663028195
0.000125,0.0026283268501780185
0.00015000000000000001,0.0028959573448011505
0.000175,0.0033616331232755522
0.0002,0.003541266653151215
0.00022500000000000002,0.0037753923406660048
0.00025,0.0040069397746747976
0.000275,0.004404478462240888
0.00030000000000000003,0.0045733246820112775
0.00032500000000000004,0.004918511716781877
0.00035,0.005176448735805424
0.000375,0.005522378967133729
0.0004,0.005849118651444614
0.00042500000000000003,0.006152352077920441
0.00045000000000000004,0.006234456049417601
0.000475,0.006618862825270293
0.0005,0.006860298308187317
0.0005250000000000001,0.007199422381446795
0.00055,0.0073932021265635944
0.000575,0.007794786493028796
0.0006000000000000001,0.007918875809096546
0.000625,0.008400281584510942
0.0006500000000000001,0.008530819183721991
0.000675,0.008792498282454278
0.0007,0.008941591462177947
0.0007250000000000001,0.00913127526989179
0.00075,0.009331768293322551
0.0007750000000000001,0.0097195202762188
0.0008,0.010125192001261434
0.000825,0.010117104329040026
0.0008500000000000001,0.010472163422088614
0.000875,0.01074151167237817
0.0009000000000000001,0.010777078525853086
0.000925,0.011072150131783094
0.00095,0.011545454643295483
0.0009750000000000001,0.011613981116341265
0.001,0.011689714672655373
