Lambda,QPA_0
0.641025641025641,0.37880859375
