Lambda,QPA_0
0.7948717948717948,0.2284765625
