Lambda,QPA_0
0.48717948717948717,0.526923828125
