Lambda,QPA_0
0.2564102564102564,0.75060546875
