epsilon,QPA_nqpa2[-1]
0.0,0.6238339749975456
2.5e-05,0.6225342683605697
5e-05,0.6236073023528794
7.500000000000001e-05,0.6234285151062074
0.0001,0.6238353993491517
0.000125,0.6252744076552101
0.00015000000000000001,0.6236383540151833
0.000175,0.6212988762985154
0.0002,0.6245907192102644
0.00022500000000000002,0.6226340493448878
0.00025,0.6219524995383093
0.000275,0.6250475804244532
0.00030000000000000003,0.6253988910186556
0.00032500000000000004,0.6245340896041867
0.00035,0.6256236609360251
0.000375,0.625240055311856
0.0004,0.6245019125477005
0.00042500000000000003,0.6255672752792937
0.00045000000000000004,0.6254438561004974
0.000475,0.6231964789790438
0.0005,0.6248544351709477
0.0005250000000000001,0.6243456361617277
0.00055,0.6240645501841094
0.000575,0.6236211184799546
0.0006000000000000001,0.6247500283998705
0.000625,0.6227695285559484
0.0006500000000000001,0.6239651056670361
0.000675,0.6216555992918812
0.0007,0.6224600135575815
0.0007250000000000001,0.6239503317122023
0.00075,0.6222672552942002
0.0007750000000000001,0.6206211469953538
0.0008,0.622410729398282
0.000825,0.6214514888795435
0.0008500000000000001,0.6210908429396569
0.000875,0.6220019783278461
0.0009000000000000001,0.6216262443394931
0.000925,0.619461774508978
0.00095,0.6217207183133164
0.0009750000000000001,0.619621896002773
0.001,0.6184526538767045
