epsilon,steps,fidelity,shots
0.0,18,1.0000000000000038,100000
0.0001,18,0.9904199518282288,100000
0.0002,18,0.9804400104582878,100000
0.0003,18,0.9711393875165466,100000
0.0004,18,0.9611640966728374,100000
0.0005,18,0.9511780314724744,100000
0.0006,18,0.940632345703819,100000
0.0007,18,0.9291954055888972,100000
0.0008,18,0.9202601383073982,100000
0.0009,18,0.9103508832054104,100000
0.001,18,0.8984348314001325,100000
