k,V0,Omega_max,Delta_start,T_ramp_up,T_sweep,T_ramp_down,fidelity
4,251327412.28718346,18598228.509251576,-16336281.798666924,5.94e-07,6.12e-07,5.94e-07,0.688104903388411
