k,V0,Omega_max,Delta_start,T_ramp_up,T_sweep,T_ramp_down,fidelity
4,251327412.28718346,17718582.56624643,-21362830.044410594,3.3e-07,3.4000000000000003e-07,3.3e-07,0.7930732044203063
