k,V0,Omega_max,Delta_start,T_ramp_up,T_sweep,T_ramp_down,fidelity
4,251327412.28718346,18849555.92153876,-20106192.982974675,5.94e-07,6.12e-07,5.94e-07,0.7202954913927986
