k,V0,Omega_max,Delta_start,T_ramp_up,T_sweep,T_ramp_down,fidelity
4,251327412.28718346,18095573.68467721,-30159289.474462014,4.95e-07,5.1e-07,4.95e-07,0.7540500609755084
