k,V0,Omega_max,Delta_start,T_ramp_up,T_sweep,T_ramp_down,fidelity
4,251327412.28718346,18346901.096964393,-27646015.351590183,5.28e-07,5.44e-07,5.28e-07,0.7474500744573442
