k,V0,Omega_max,Delta_start,T_ramp_up,T_sweep,T_ramp_down,fidelity
4,251327412.28718346,18849555.92153876,-28902652.413026094,4.6199999999999993e-07,4.76e-07,4.6199999999999993e-07,0.7770521680162745
