k,V0,Omega_max,Delta_start,T_ramp_up,T_sweep,T_ramp_down,fidelity
4,251327412.28718346,18095573.68467721,-26389378.290154263,5.61e-07,5.78e-07,5.61e-07,0.7382395559493653
