k,V0,Omega_max,Delta_start,T_ramp_up,T_sweep,T_ramp_down,fidelity
4,251327412.28718346,17844246.272390023,-20106192.982974675,6.27e-07,6.46e-07,6.27e-07,0.7089842263094641
